﻿<?xml version="1.0" encoding="utf-8"?>
<publishData>
  <publishProfile publishUrl="C:\_proj\Ucentrik\Web Kiosk and Platform\A-Plus\Sources\publish\platform" deleteExistingFiles="False" ftpAnonymousLogin="False" ftpPassiveMode="True" msdeploySite="" msdeploySiteID="" msdeployRemoteSitePhysicalPath="" msdeployAllowUntrustedCertificate="False" msdeploySkipExtraFilesOnServer="True" msdeployMarkAsApp="False" profileName="Profile1" publishMethod="FileSystem" replaceMatchingFiles="True" userName="" savePWD="False" userPWD="" SelectedForPublish="True">
    <file relUrl="dirCommon/default.aspx" publishTime="11/01/2011 14:50:29" />
    <file relUrl="App_Themes/UCENTRIK/images/statusConnected.png" publishTime="11/01/2011 14:50:14" />
    <file relUrl="bin/UCENTRIK.LIB.pdb" publishTime="11/28/2011 22:02:44" />
    <file relUrl="App_Controls/BusinessControls/Incident.ascx" publishTime="11/25/2011 18:21:47" />
    <file relUrl="App_Controls/BusinessControls/Survey.ascx" publishTime="11/01/2011 14:50:21" />
    <file relUrl="App_Controls/CommonControls/RestorePassword.ascx" publishTime="11/01/2011 14:50:27" />
    <file relUrl="App_Themes/UCENTRIK/images/pageTopCenter.gif" publishTime="11/01/2011 14:50:14" />
    <file relUrl="App_Controls/BusinessControls/Contact.ascx" publishTime="11/01/2011 14:50:21" />
    <file relUrl="App_Themes/UCENTRIK/images/LevelMenuItem2.gif" publishTime="11/28/2011 12:53:10" />
    <file relUrl="App_Menu/Supervisor.sitemap" publishTime="11/01/2011 14:50:28" />
    <file relUrl="dirSupervisor/skills.aspx" publishTime="11/01/2011 14:50:13" />
    <file relUrl="App_Controls/BusinessControls/AgentGroup.ascx" publishTime="11/01/2011 14:50:21" />
    <file relUrl="App_Themes/UCENTRIK/images/LevelMenuItem1.gif" publishTime="11/28/2011 12:52:46" />
    <file relUrl="dirStyle/LogIn/i/castle.jpg" publishTime="11/01/2011 14:50:19" />
    <file relUrl="App_Controls/ASP/InfoAboutCall.ascx" publishTime="11/28/2011 19:06:30" />
    <file relUrl="UcMasterPage.Master" publishTime="11/28/2011 18:00:01" />
    <file relUrl="bin/UCENTRIK.WEB.PLATFORM.pdb" publishTime="11/28/2011 22:02:46" />
    <file relUrl="App_Controls/Elements/GroupRadioButton.ascx" publishTime="11/01/2011 14:50:28" />
    <file relUrl="images/spacer.gif" publishTime="11/01/2011 14:50:28" />
    <file relUrl="dirAdmin/calls.aspx" publishTime="11/01/2011 14:50:14" />
    <file relUrl="App_Controls/BusinessControls/Skill.ascx" publishTime="11/01/2011 14:50:21" />
    <file relUrl="App_Core/Reports/IncidentReport.rdlc" publishTime="11/01/2011 14:50:16" />
    <file relUrl="dirSupervisor/Languages.aspx" publishTime="11/01/2011 14:50:13" />
    <file relUrl="App_Themes/UCENTRIK/images/TopBar.gif" publishTime="11/01/2011 14:50:14" />
    <file relUrl="App_Controls/BusinessControls/Group.ascx" publishTime="11/01/2011 14:50:21" />
    <file relUrl="App_Themes/UCENTRIK/images/LevelSelectedMenuItem2.gif" publishTime="11/28/2011 12:52:12" />
    <file relUrl="App_Themes/UCENTRIK/Menu.css" publishTime="11/28/2011 16:31:24" />
    <file relUrl="dirActiveX/UCTX.CAB" publishTime="11/16/2011 15:10:21" />
    <file relUrl="images/LoginButtonTemplate.gif" publishTime="11/01/2011 14:50:28" />
    <file relUrl="images/lock.png" publishTime="11/01/2011 14:50:28" />
    <file relUrl="App_Controls/BusinessControls/AgentLanguages.ascx" publishTime="11/01/2011 14:50:21" />
    <file relUrl="dirHtml/Error.htm" publishTime="11/01/2011 14:50:20" />
    <file relUrl="dirAdmin/settings.aspx" publishTime="11/01/2011 14:50:14" />
    <file relUrl="App_Controls/CommonControls/UserAccount.ascx" publishTime="11/01/2011 14:50:27" />
    <file relUrl="dirAgent/scrs.aspx" publishTime="11/18/2011 17:00:34" />
    <file relUrl="App_Controls/ASP/NoteControl.ascx" publishTime="11/01/2011 14:50:27" />
    <file relUrl="dirJavascript/jquery-ui.min.js" publishTime="11/01/2011 14:50:29" />
    <file relUrl="dirJavascript/async_upload.js" publishTime="11/18/2011 22:57:34" />
    <file relUrl="App_Controls/ConferenceControls/UCTXControls.ascx" publishTime="11/28/2011 17:59:20" />
    <file relUrl="dirAgent/followupCalls.aspx" publishTime="11/01/2011 14:50:17" />
    <file relUrl="images/pic1.gif" publishTime="11/01/2011 14:50:28" />
    <file relUrl="App_Controls/CommonControls/LogOnUser.ascx" publishTime="11/01/2011 14:50:27" />
    <file relUrl="App_Themes/UCENTRIK/images/home.gif" publishTime="11/01/2011 14:50:14" />
    <file relUrl="App_Controls/CommonControls/AccessDenied.ascx" publishTime="11/01/2011 14:50:27" />
    <file relUrl="App_Controls/ASP/OpenSession.ascx" publishTime="11/01/2011 14:50:27" />
    <file relUrl="dirAgent/profile.aspx" publishTime="11/01/2011 14:50:17" />
    <file relUrl="bin/UCENTRIK.DATASETS.pdb" publishTime="11/28/2011 22:02:33" />
    <file relUrl="App_Menu/Agent.sitemap" publishTime="11/02/2011 18:29:00" />
    <file relUrl="App_Controls/BusinessControls/SkillAgent.ascx" publishTime="11/01/2011 14:50:21" />
    <file relUrl="App_Controls/BusinessControls/SurveyQuestion.ascx" publishTime="11/01/2011 14:50:21" />
    <file relUrl="App_Themes/UCENTRIK/images/update.gif" publishTime="11/01/2011 14:50:14" />
    <file relUrl="dirAdmin/questions.aspx" publishTime="11/01/2011 14:50:14" />
    <file relUrl="App_Controls/BusinessControls/Facility.ascx" publishTime="11/03/2011 18:07:18" />
    <file relUrl="App_Controls/CommonControls/Login.ascx" publishTime="11/01/2011 14:50:27" />
    <file relUrl="App_Controls/CTX/ucCtxTest.ascx" publishTime="11/01/2011 14:50:28" />
    <file relUrl="App_Controls/ASP/EditContact.ascx" publishTime="11/01/2011 14:50:27" />
    <file relUrl="App_Themes/UCENTRIK/images/panelBottomBar.gif" publishTime="11/01/2011 14:50:14" />
    <file relUrl="dirStyle/LogIn/i/castle.png" publishTime="11/01/2011 14:50:19" />
    <file relUrl="App_Themes/UCENTRIK/images/unselectedTab.gif" publishTime="11/01/2011 14:50:14" />
    <file relUrl="dirJavascript/jquery-1.6.2.min.js" publishTime="11/01/2011 14:50:29" />
    <file relUrl="App_Controls/BusinessControls/Language.ascx" publishTime="11/01/2011 14:50:21" />
    <file relUrl="App_Themes/UCENTRIK/images/pageTopRight.gif" publishTime="11/01/2011 14:50:14" />
    <file relUrl="App_Controls/Elements/ReportHeader.ascx" publishTime="11/01/2011 14:50:28" />
    <file relUrl="dirJavascript/video.js" publishTime="11/24/2011 21:21:59" />
    <file relUrl="App_Themes/UCENTRIK/images/headerRight.gif" publishTime="11/01/2011 14:50:14" />
    <file relUrl="dirJavascript/audio.js" publishTime="11/11/2011 21:49:49" />
    <file relUrl="App_Controls/ASP/TransferIncident.ascx" publishTime="11/01/2011 14:50:27" />
    <file relUrl="App_Themes/UCENTRIK/images/pageLeft.gif" publishTime="11/01/2011 14:50:14" />
    <file relUrl="Global.asax" publishTime="11/01/2011 14:50:30" />
    <file relUrl="dirReport/SurveyAverageReport.aspx" publishTime="11/01/2011 14:50:29" />
    <file relUrl="bin/UCENTRIK.DAL.dll" publishTime="11/28/2011 22:02:42" />
    <file relUrl="App_Themes/UCENTRIK/images/Power_Green.gif" publishTime="11/01/2011 14:50:14" />
    <file relUrl="App_Themes/UCENTRIK/Platform.css" publishTime="11/01/2011 14:50:14" />
    <file relUrl="App_Controls/Elements/SettingItem.ascx" publishTime="11/01/2011 14:50:28" />
    <file relUrl="images/button.gif" publishTime="11/01/2011 14:50:28" />
    <file relUrl="Web.config" publishTime="11/21/2011 22:15:13" />
    <file relUrl="App_Themes/UCENTRIK/images/Power_Blue.gif" publishTime="11/01/2011 14:50:14" />
    <file relUrl="App_Themes/UCENTRIK/images/pageRight.gif" publishTime="11/01/2011 14:50:14" />
    <file relUrl="bin/UCENTRIK.BLL.pdb" publishTime="11/28/2011 22:02:43" />
    <file relUrl="App_Themes/UCENTRIK/images/separator.gif" publishTime="11/01/2011 14:50:14" />
    <file relUrl="dirAdmin/agents.aspx" publishTime="11/01/2011 14:50:14" />
    <file relUrl="App_Controls/BusinessControls/FacilityProfile.ascx" publishTime="11/08/2011 12:37:38" />
    <file relUrl="App_Themes/UCENTRIK/UserControls.css" publishTime="11/01/2011 14:50:14" />
    <file relUrl="App_Controls/Elements/UcMenu.ascx" publishTime="11/01/2011 14:50:28" />
    <file relUrl="dirAgent/facilities.aspx" publishTime="11/01/2011 12:26:37" />
    <file relUrl="App_Controls/BusinessControls/SurveyProfile.ascx" publishTime="11/01/2011 14:50:21" />
    <file relUrl="App_Themes/UCENTRIK/ReportViewer.skin" publishTime="11/01/2011 14:50:14" />
    <file relUrl="dirJavascript/common.js" publishTime="11/28/2011 21:21:38" />
    <file relUrl="App_Controls/CallRouting/AgentRegistration.ascx" publishTime="11/01/2011 14:50:27" />
    <file relUrl="dirAgent/users.aspx" publishTime="11/01/2011 14:50:17" />
    <file relUrl="App_Controls/BusinessControls/LanguageAgent.ascx" publishTime="11/01/2011 14:50:21" />
    <file relUrl="App_Controls/BusinessControls/User.ascx" publishTime="11/01/2011 14:50:21" />
    <file relUrl="App_Controls/ReportControls/IncidentReport.ascx" publishTime="11/01/2011 14:50:22" />
    <file relUrl="App_Themes/UCENTRIK/images/SidebarBackground.gif" publishTime="11/01/2011 14:50:14" />
    <file relUrl="dirStyle/LogIn/style.css" publishTime="11/01/2011 14:50:19" />
    <file relUrl="App_Controls/BusinessControls/GroupAgent.ascx" publishTime="11/01/2011 14:50:21" />
    <file relUrl="App_Controls/BusinessControls/LanguageProfile.ascx" publishTime="11/01/2011 14:50:21" />
    <file relUrl="bin/UCENTRIK.LIB.dll" publishTime="11/28/2011 22:02:44" />
    <file relUrl="App_Themes/UCENTRIK/images/headerBKG.gif" publishTime="11/01/2011 14:50:14" />
    <file relUrl="dirAdmin/contacts.aspx" publishTime="11/01/2011 14:50:14" />
    <file relUrl="dirAgent/myCalls.aspx" publishTime="11/01/2011 14:50:17" />
    <file relUrl="dirSupervisor/agents.aspx" publishTime="11/01/2011 14:50:13" />
    <file relUrl="App_Themes/UCENTRIK/images/pageBottomLeft.gif" publishTime="11/01/2011 14:50:14" />
    <file relUrl="Templates/Email/RestorePassword.html" publishTime="11/01/2011 14:50:18" />
    <file relUrl="App_Controls/BusinessControls/SkillProfile.ascx" publishTime="11/01/2011 14:50:21" />
    <file relUrl="bin/UCENTRIK.DAL.pdb" publishTime="11/28/2011 22:02:42" />
    <file relUrl="App_Controls/ReportControls/SurveyAverageReport.ascx" publishTime="11/01/2011 14:50:22" />
    <file relUrl="App_Themes/UCENTRIK/images/FooterBKG.gif" publishTime="11/01/2011 14:50:14" />
    <file relUrl="App_Controls/BusinessControls/Agent.ascx" publishTime="11/01/2011 14:50:21" />
    <file relUrl="default.aspx" publishTime="11/01/2011 14:50:30" />
    <file relUrl="App_Controls/ReportControls/SurveyReport.ascx" publishTime="11/01/2011 14:50:22" />
    <file relUrl="bin/UCENTRIK.WEB.PLATFORM.dll" publishTime="11/28/2011 22:02:46" />
    <file relUrl="sounds/ding.wav" publishTime="11/01/2011 14:50:29" />
    <file relUrl="App_Themes/UCENTRIK/images/Power_Red.gif" publishTime="11/01/2011 14:50:14" />
    <file relUrl="dirStyle/LogIn/i/HiRes.jpg" publishTime="11/01/2011 14:50:19" />
    <file relUrl="favicon.ico" publishTime="11/01/2011 14:50:30" />
    <file relUrl="App_Themes/UCENTRIK/images/asc.png" publishTime="11/01/2011 14:50:14" />
    <file relUrl="sounds/alert.wav" publishTime="11/01/2011 14:50:29" />
    <file relUrl="App_Themes/UCENTRIK/images/LogoutButton.gif" publishTime="11/01/2011 14:50:14" />
    <file relUrl="App_Themes/UCENTRIK/images/ucentrik_logo.gif" publishTime="11/01/2011 14:50:14" />
    <file relUrl="images/spacer100.gif" publishTime="11/01/2011 14:50:28" />
    <file relUrl="App_Controls/BusinessControls/AgentProfile.ascx" publishTime="11/01/2011 14:50:21" />
    <file relUrl="Templates/HTML/SideBar.htm" publishTime="11/01/2011 14:50:18" />
    <file relUrl="App_Controls/BusinessControls/FacilityGroup.ascx" publishTime="11/01/2011 14:50:21" />
    <file relUrl="App_Core/Reports/SurveyReport.rdlc" publishTime="11/01/2011 14:50:16" />
    <file relUrl="Web.sitemap" publishTime="11/01/2011 14:50:30" />
    <file relUrl="App_Themes/UCENTRIK/images/Power_Neutral.gif" publishTime="11/01/2011 14:50:14" />
    <file relUrl="dirAdmin/groups.aspx" publishTime="11/01/2011 14:50:14" />
    <file relUrl="dirAgent/groups.aspx" publishTime="11/01/2011 14:50:17" />
    <file relUrl="images/desc.png" publishTime="11/01/2011 14:50:28" />
    <file relUrl="dirJavascript/screen.js" publishTime="11/01/2011 14:50:32" />
    <file relUrl="App_Themes/UCENTRIK/Ajax.css" publishTime="11/01/2011 14:50:14" />
    <file relUrl="dirAgent/AudioRecordReceiver.aspx" publishTime="11/21/2011 21:23:19" />
    <file relUrl="dirAdmin/users.aspx" publishTime="11/01/2011 14:50:14" />
    <file relUrl="App_Themes/UCENTRIK/images/statusProgress.gif" publishTime="11/01/2011 14:50:14" />
    <file relUrl="App_Controls/ASP/HandlerLogImage.ashx" publishTime="11/01/2011 14:50:26" />
    <file relUrl="App_Controls/Elements/DatePicker.ascx" publishTime="11/01/2011 14:50:28" />
    <file relUrl="App_Themes/UCENTRIK/images/home.png" publishTime="11/01/2011 14:50:14" />
    <file relUrl="close.htm" publishTime="11/03/2011 16:28:36" />
    <file relUrl="dirAgent/default3.aspx" publishTime="11/01/2011 14:50:17" />
    <file relUrl="App_Themes/UCENTRIK/images/uButton.gif" publishTime="11/01/2011 14:50:14" />
    <file relUrl="dirUser/downloads.aspx" publishTime="11/01/2011 14:50:30" />
    <file relUrl="App_Controls/BusinessControls/GroupProfile.ascx" publishTime="11/01/2011 14:50:21" />
    <file relUrl="App_Themes/UCENTRIK/Temp.css" publishTime="11/01/2011 14:50:14" />
    <file relUrl="dirAgent/Calls.aspx" publishTime="11/01/2011 14:50:17" />
    <file relUrl="bin/UCENTRIK.DATASETS.dll" publishTime="11/28/2011 22:02:33" />
    <file relUrl="dirAdmin/facilities.aspx" publishTime="10/13/2011 20:50:59" />
    <file relUrl="App_Themes/UCENTRIK/images/Power_Yellow.gif" publishTime="11/01/2011 14:50:14" />
    <file relUrl="App_Themes/UCENTRIK/Main.css" publishTime="11/01/2011 14:50:14" />
    <file relUrl="images/pic2.gif" publishTime="11/01/2011 14:50:28" />
    <file relUrl="App_Themes/UCENTRIK/images/Power_OFF.gif" publishTime="11/01/2011 14:50:14" />
    <file relUrl="App_Controls/CTX/ucCtxVideo.ascx" publishTime="11/01/2011 14:50:28" />
    <file relUrl="App_Themes/UCENTRIK/images/LoginButton.gif" publishTime="11/01/2011 14:50:14" />
    <file relUrl="App_Controls/BusinessControls/AgentSkills.ascx" publishTime="11/01/2011 14:50:21" />
    <file relUrl="dirAdmin/surveymanagement.aspx" publishTime="11/01/2011 14:50:14" />
    <file relUrl="App_Themes/UCENTRIK/images/h_c6002.gif" publishTime="11/01/2011 14:50:14" />
    <file relUrl="dirApp/error.aspx" publishTime="11/01/2011 14:50:29" />
    <file relUrl="dirJavascript/uctx_core.js" publishTime="11/25/2011 17:50:15" />
    <file relUrl="App_Controls/BusinessControls/GroupFacility.ascx" publishTime="11/01/2011 14:50:21" />
    <file relUrl="App_Menu/ADMIN.sitemap" publishTime="11/01/2011 14:50:28" />
    <file relUrl="App_Controls/BusinessControls/Question.ascx" publishTime="11/01/2011 14:50:21" />
    <file relUrl="App_Themes/UCENTRIK/images/sideBarTop.gif" publishTime="11/01/2011 14:50:14" />
    <file relUrl="sounds/chimes.wav" publishTime="11/01/2011 14:50:29" />
    <file relUrl="App_Themes/UCENTRIK/images/headerLeft.gif" publishTime="11/01/2011 14:50:14" />
    <file relUrl="Templates/HTML/Footer.htm" publishTime="11/01/2011 14:50:18" />
    <file relUrl="dirAgent/agents.aspx" publishTime="11/01/2011 14:50:17" />
    <file relUrl="App_Controls/BusinessControls/QuestionProfile.ascx" publishTime="11/01/2011 14:50:21" />
    <file relUrl="App_Controls/BusinessControls/UserProfile.ascx" publishTime="11/01/2011 14:50:21" />
    <file relUrl="App_Themes/UCENTRIK/images/pageBottomCenter.gif" publishTime="11/01/2011 14:50:14" />
    <file relUrl="App_Themes/UCENTRIK/StyleSheet.css" publishTime="11/28/2011 20:57:29" />
    <file relUrl="dirReport/CallReport.aspx" publishTime="11/01/2011 14:50:29" />
    <file relUrl="App_Core/Reports/SurveyAverageReport.rdlc" publishTime="11/01/2011 14:50:16" />
    <file relUrl="App_Themes/UCENTRIK/images/sideBarBottom.gif" publishTime="11/01/2011 14:50:14" />
    <file relUrl="App_Themes/UCENTRIK/images/pageBottomRight.gif" publishTime="11/01/2011 14:50:14" />
    <file relUrl="dirAgent/ScreenShare.aspx" publishTime="11/07/2011 16:38:22" />
    <file relUrl="Templates/HTML/HomeScreen.htm" publishTime="11/01/2011 14:50:18" />
    <file relUrl="dirCommon/LogIn.aspx" publishTime="11/18/2011 22:53:32" />
    <file relUrl="App_Themes/UCENTRIK/images/pic1.gif" publishTime="11/01/2011 14:50:14" />
    <file relUrl="images/update.gif" publishTime="11/01/2011 14:50:28" />
    <file relUrl="App_Themes/UCENTRIK/images/pic2.gif" publishTime="11/01/2011 14:50:14" />
    <file relUrl="dirJavascript/utils.js" publishTime="11/01/2011 14:50:29" />
    <file relUrl="App_Controls/BusinessControls/IncidentProfile.ascx" publishTime="11/01/2011 14:50:21" />
    <file relUrl="App_Themes/UCENTRIK/Site.css" publishTime="11/01/2011 14:50:14" />
    <file relUrl="dirStyle/slider.css" publishTime="11/01/2011 14:50:19" />
    <file relUrl="bin/UCENTRIK.BLL.dll" publishTime="11/28/2011 22:02:43" />
    <file relUrl="dirReport/SurveyReport.aspx" publishTime="11/01/2011 14:50:29" />
    <file relUrl="Templates/HTML/Header.htm" publishTime="11/28/2011 20:58:01" />
    <file relUrl="dirUser/account.aspx" publishTime="11/01/2011 14:50:30" />
    <file relUrl="App_Controls/ConferenceControls/TextChatControl.ascx" publishTime="11/01/2011 14:50:32" />
    <file relUrl="App_Controls/BusinessControls/ContactProfile.ascx" publishTime="11/01/2011 14:50:21" />
    <file relUrl="dirAgent/CallQueue.aspx" publishTime="11/01/2011 14:50:17" />
    <file relUrl="App_Themes/UCENTRIK/images/desc.png" publishTime="11/01/2011 14:50:14" />
    <file relUrl="App_Themes/UCENTRIK/images/pageTopLeft.gif" publishTime="11/01/2011 14:50:14" />
    <file relUrl="images/UpdateProgress.gif" publishTime="11/01/2011 14:50:28" />
    <file relUrl="dirAdmin/default.aspx" publishTime="11/01/2011 14:50:14" />
    <file relUrl="images/asc.png" publishTime="11/01/2011 14:50:28" />
    <file relUrl="dirCommon/RestorePassword.aspx" publishTime="11/01/2011 14:50:29" />
    <file relUrl="App_Themes/UCENTRIK/images/selectedTab.gif" publishTime="11/01/2011 14:50:14" />
    <file relUrl="dirStyle/LogIn/i/parsons.png" publishTime="11/01/2011 14:50:19" />
    <file relUrl="dirStyle/LogIn/i/ucentrik.png" publishTime="11/01/2011 14:50:19" />
    <file relUrl="dirAgent/default.aspx" publishTime="11/01/2011 14:50:17" />
    <file relUrl="dirCommon/AsyncUploadFile.aspx" publishTime="11/18/2011 16:56:54" />
    <file relUrl="App_Themes/UCENTRIK/images/sideBarSeparator.gif" publishTime="11/01/2011 14:50:14" />
    <file relUrl="App_Controls/ASP/EditIncident.ascx" publishTime="11/02/2011 18:20:35" />
    <file relUrl="App_Controls/CommonControls/PageTitle.ascx" publishTime="11/01/2011 14:50:27" />
    <file relUrl="App_Controls/ConferenceControls/ViewChatControl.ascx" publishTime="11/01/2011 14:50:32" />
    <file relUrl="dirStyle/jquery-ui.css" publishTime="11/01/2011 14:50:19" />
    <file relUrl="App_Controls/ASP/settings.ascx" publishTime="11/01/2011 14:50:27" />
    <file relUrl="dirAgent/contacts.aspx" publishTime="11/01/2011 14:50:17" />
  </publishProfile>
</publishData>