﻿<?xml version="1.0" encoding="utf-8"?>
<publishData>
  <publishProfile publishUrl="C:\_proj\Ucentrik\Web Kiosk and Platform\A-Plus\Sources\publish\kiosk" deleteExistingFiles="False" ftpAnonymousLogin="False" ftpPassiveMode="True" msdeploySite="" msdeploySiteID="" msdeployRemoteSitePhysicalPath="" msdeployAllowUntrustedCertificate="False" msdeploySkipExtraFilesOnServer="True" msdeployMarkAsApp="False" profileName="Profile1" publishMethod="FileSystem" replaceMatchingFiles="True" userName="" savePWD="False" userPWD="" SelectedForPublish="True">
    <file relUrl="App_Controls/Kiosk/LiveConnectAPlus.ascx" publishTime="11/09/2011 22:31:04" />
    <file relUrl="App_Themes/UCENTRIK/Site.css" publishTime="11/01/2011 14:50:05" />
    <file relUrl="default.aspx" publishTime="11/01/2011 14:50:10" />
    <file relUrl="App_Controls/Kiosk/WaitScreen.ascx" publishTime="11/03/2011 19:41:46" />
    <file relUrl="App_Themes/UCENTRIK/images/KioskHours.png" publishTime="11/01/2011 14:50:05" />
    <file relUrl="App_Themes/UCENTRIK/images/KioskHome.jpg" publishTime="11/01/2011 14:50:05" />
    <file relUrl="dirJavascript/audio.js" publishTime="11/11/2011 21:49:49" />
    <file relUrl="bin/UCENTRIK.DAL.pdb" publishTime="11/28/2011 22:02:42" />
    <file relUrl="App_Themes/UCENTRIK/images/KioskOpen.png" publishTime="11/01/2011 14:50:05" />
    <file relUrl="App_Themes/UCENTRIK/images/KioskHome.png" publishTime="11/01/2011 14:50:05" />
    <file relUrl="App_Themes/UCENTRIK/images/headerLeft.GIF" publishTime="11/01/2011 14:50:05" />
    <file relUrl="App_Themes/UCENTRIK/images/red_gradient.gif" publishTime="11/01/2011 14:50:05" />
    <file relUrl="App_Themes/UCENTRIK/images/KioskTemp1.png" publishTime="11/01/2011 14:50:05" />
    <file relUrl="images/desc.png" publishTime="11/01/2011 14:50:09" />
    <file relUrl="Web.config" publishTime="11/22/2011 17:15:50" />
    <file relUrl="App_Themes/UCENTRIK/images/KioskLogin.png" publishTime="11/01/2011 14:50:05" />
    <file relUrl="App_Themes/UCENTRIK/images/headerBKG.GIF" publishTime="11/01/2011 14:50:05" />
    <file relUrl="App_Themes/UCENTRIK/images/header1.GIF" publishTime="11/01/2011 14:50:05" />
    <file relUrl="App_Themes/UCENTRIK/images/bottomLogo.gif" publishTime="11/01/2011 14:50:05" />
    <file relUrl="bin/UCENTRIK.WEB.KIOSK.dll" publishTime="11/28/2011 22:02:45" />
    <file relUrl="images/pic2.gif" publishTime="11/01/2011 14:50:09" />
    <file relUrl="dirKioskPage/default.aspx" publishTime="11/25/2011 18:23:11" />
    <file relUrl="dirJavascript/common.js" publishTime="11/28/2011 21:21:38" />
    <file relUrl="App_Themes/UCENTRIK/Main.css" publishTime="11/01/2011 14:50:05" />
    <file relUrl="Global.asax" publishTime="11/01/2011 14:50:10" />
    <file relUrl="dirJavascript/video.js" publishTime="11/24/2011 21:21:59" />
    <file relUrl="Kiosk.Master" publishTime="11/01/2011 14:50:11" />
    <file relUrl="App_Controls/Kiosk/Survey.ascx" publishTime="11/01/2011 14:50:08" />
    <file relUrl="App_Controls/CommonControls/Login.ascx" publishTime="11/01/2011 14:50:09" />
    <file relUrl="images/pic1.gif" publishTime="11/01/2011 14:50:09" />
    <file relUrl="App_Themes/UCENTRIK/images/KioskWait.jpg" publishTime="11/03/2011 19:41:45" />
    <file relUrl="dirKiosk/UcKioskLogin.aspx" publishTime="11/01/2011 14:50:04" />
    <file relUrl="App_Controls/Kiosk/Error.ascx" publishTime="11/01/2011 14:50:08" />
    <file relUrl="App_Themes/UCENTRIK/images/KioskInactive.png" publishTime="11/01/2011 14:50:05" />
    <file relUrl="App_Themes/UCENTRIK/images/uButton.gif" publishTime="11/01/2011 14:50:05" />
    <file relUrl="App_Controls/ConferenceControls/ViewChatControl.ascx" publishTime="11/01/2011 14:50:08" />
    <file relUrl="images/button.gif" publishTime="11/01/2011 14:50:09" />
    <file relUrl="App_Themes/UCENTRIK/Kiosk.css" publishTime="11/03/2011 19:41:45" />
    <file relUrl="App_Themes/UCENTRIK/images/update.gif" publishTime="11/01/2011 14:50:05" />
    <file relUrl="App_Themes/UCENTRIK/images/header.GIF" publishTime="11/01/2011 14:50:05" />
    <file relUrl="robots.txt" publishTime="11/01/2011 14:50:10" />
    <file relUrl="App_Themes/UCENTRIK/images/KioskClosed.png" publishTime="11/01/2011 14:50:05" />
    <file relUrl="App_Controls/Kiosk/LiveConnect.ascx" publishTime="11/09/2011 22:30:15" />
    <file relUrl="bin/UCENTRIK.LIB.pdb" publishTime="11/28/2011 22:02:44" />
    <file relUrl="bin/UCENTRIK.WEB.KIOSK.pdb" publishTime="11/28/2011 22:02:44" />
    <file relUrl="dirHtml/Error.htm" publishTime="11/01/2011 14:50:09" />
    <file relUrl="bin/UCENTRIK.BLL.pdb" publishTime="11/28/2011 22:02:43" />
    <file relUrl="App_Controls/Kiosk/Finish.ascx" publishTime="11/28/2011 22:06:28" />
    <file relUrl="dirHtml/HTMLPage.htm" publishTime="11/01/2011 14:50:09" />
    <file relUrl="dirKiosk/default.aspx" publishTime="11/01/2011 14:50:04" />
    <file relUrl="dirJavascript/viewChat.js" publishTime="11/11/2011 18:51:26" />
    <file relUrl="bin/UCENTRIK.BLL.dll" publishTime="11/28/2011 22:02:43" />
    <file relUrl="App_Controls/Kiosk/Home.ascx" publishTime="11/01/2011 14:50:08" />
    <file relUrl="App_Themes/UCENTRIK/images/KioskError.png" publishTime="11/01/2011 14:50:05" />
    <file relUrl="dirKioskPage/UcKioskConnect.aspx" publishTime="11/01/2011 14:50:10" />
    <file relUrl="App_Controls/Survey/KioskSurveyQuestion.ascx" publishTime="11/01/2011 14:50:09" />
    <file relUrl="entry.asmx" publishTime="10/18/2011 12:54:04" />
    <file relUrl="dirMobile/default.aspx" publishTime="11/01/2011 14:50:10" />
    <file relUrl="App_Controls/CommonControls/Logout.ascx" publishTime="11/01/2011 14:50:09" />
    <file relUrl="dirJavascript/async_upload.js" publishTime="11/18/2011 22:57:34" />
    <file relUrl="dirCommon/AsyncUploadFile.aspx" publishTime="11/18/2011 16:56:54" />
    <file relUrl="App_Themes/UCENTRIK/UserControls.css" publishTime="11/01/2011 14:50:05" />
    <file relUrl="App_Controls/CommonControls/KioskAccessDenied.ascx" publishTime="11/01/2011 14:50:09" />
    <file relUrl="favicon.ico" publishTime="11/01/2011 14:50:10" />
    <file relUrl="images/spacer.gif" publishTime="11/01/2011 14:50:09" />
    <file relUrl="App_Themes/UCENTRIK/StyleSheet.css" publishTime="11/01/2011 14:50:05" />
    <file relUrl="dirJavascript/uctx_core.js" publishTime="11/25/2011 17:50:15" />
    <file relUrl="App_Controls/ConferenceControls/TextChatControl.ascx" publishTime="11/01/2011 14:50:08" />
    <file relUrl="App_Themes/UCENTRIK/images/ucentrik_logo.gif" publishTime="11/01/2011 14:50:05" />
    <file relUrl="dirCommon/ucSignIn.aspx" publishTime="11/01/2011 14:50:05" />
    <file relUrl="App_Themes/UCENTRIK/Ajax.css" publishTime="11/01/2011 14:50:05" />
    <file relUrl="App_Controls/CommonControls/AccessDenied.ascx" publishTime="11/01/2011 14:50:09" />
    <file relUrl="App_Themes/UCENTRIK/images/KioskArrow.png" publishTime="11/01/2011 14:50:05" />
    <file relUrl="App_Themes/UCENTRIK/images/headerRight.GIF" publishTime="11/01/2011 14:50:05" />
    <file relUrl="dirMobile/pageConnect.aspx" publishTime="11/01/2011 14:50:09" />
    <file relUrl="bin/UCENTRIK.DATASETS.pdb" publishTime="11/28/2011 22:02:33" />
    <file relUrl="bin/UCENTRIK.DAL.dll" publishTime="11/28/2011 22:02:42" />
    <file relUrl="dirActiveX/UCTX.CAB" publishTime="11/16/2011 15:10:21" />
    <file relUrl="bin/UCENTRIK.DATASETS.dll" publishTime="11/28/2011 22:02:33" />
    <file relUrl="images/asc.png" publishTime="11/01/2011 14:50:09" />
    <file relUrl="dirKiosk/UcKioskConnect.aspx" publishTime="11/02/2011 18:01:48" />
    <file relUrl="bin/UCENTRIK.LIB.dll" publishTime="11/28/2011 22:02:44" />
    <file relUrl="dirJavascript/screen.js" publishTime="11/01/2011 14:50:32" />
  </publishProfile>
</publishData>